Track URI,song_name,cover_artist_id,cover_artist_name,cover_release_year,cover_song_popularity,control_artists_name,cover_artists_popularity,cover_artists_followers,original_song_artist ,original_release_year,original_song_popularity,control_song_name
spotify:track:3T5X9UDD29mFzJeRQtUfst,The Winner Takes It All,72OaDtakiy6yFqkt4TsiFt,Cher,2018,43,Cher,72,2348933,ABBA,1980,75,The Winner Takes It All
spotify:track:1lWVWoreT4vPIEedV1XoNS,The Winner Takes It All,4alZ73UZp90icEjdKjSIxw,At Vance,2006,50,At Vance,43,36281,ABBA,1980,75,The Winner Takes It All
spotify:track:3eoxUlcHRbEzg0f2RYO2pO,Redemption Song,0XHiH53dHrvbwfjYM7en7I,Chris Cornell,2018,35,Chris Cornell,65,1701401,Bob Marley & The Wailers,1980,71,Redemption Song
spotify:track:6ArficY3dtVMWYkyTYkAJP,Redemption Song,6kACVPfCOnqzgfEF5ryl0x,Johnny Cash,2003,49,Johnny Cash,79,5076853,Bob Marley & The Wailers,1980,71,Redemption Song
spotify:track:52Wq5yvroMd5eb83x6DUKe,Redemption Song ,7guDJrEfX3qb6FEbdPA5qi,Stevie Wonder,2019,21,Stevie Wonder,82,5420467,Bob Marley & The Wailers,1980,71,Redemption Song 
spotify:track:5z7i5Woat9TImToSzXiwBN,Redemption Song,7zYGAXxAaq15C9eM29M8Fj,Eternal,1995,15,Eternal,50,79704,Bob Marley & The Wailers,1980,71,Redemption Song
spotify:track:5xMIsJf9zm88oTqGT2Icqx,Ace of Spades ,71vVmHeNgCVSa5SVmfvscU,Saxon,2019,10,Saxon,54,438148,Motörhead,1980,76,Ace of Spades 
spotify:track:3IEf44NMYCOAjBUTJrMXIa,Ace of Spades,6SYbLA9utoNsllunR1TnkM,Sodom,2003,12,Sodom,51,321795,Motörhead,1980,76,Ace of Spades
spotify:track:7yCz8KfMwOKYTYFdF6x7Z0,Ace of Spades,3XsgWn63EnA4wYZBjVyxjf,Ugly Kid Joe,2015,28,Ugly Kid Joe,58,165797,Motörhead,1980,76,Ace of Spades
spotify:track:6z2IGbRAxckusZeMstZ0vH,Back In Black ,6Fi8CHfO8WGtu3yO8c2Mc4,2CELLOS,2013,38,2CELLOS,63,862323,AC/DC,1980,86,Back In Black 
spotify:track:60F4uRKX46GGnGZWsNeFFp,Ashes to Ashes ,4DFhHyjvGYa9wxdHUjtDkc,A Perfect Circle,2013,34,A Perfect Circle,66,1464111,David Bowie,1980,66,Ashes to Ashes 
spotify:track:323zAiM19cVLQY0pFlwyb7,Ashes to Ashes,3AmgGrYHXqgbmZ2yKoIVzO,Warpaint,2010,53,Warpaint,54,428802,David Bowie,1980,66,Ashes to Ashes
spotify:track:0byQIVd1O3UPD580y1ZmRy,Super Trouper,5gInJ5P5gQnOKPM3SUEVFt,Camera Obscura,2007,38,Camera Obscura,50,152725,ABBA,1980,73,Super Trouper
spotify:track:06dYi4eshvlL13rwgUtq7p,Could You Be Loved,0PFtn5NtBbbUNbU9EAmIWF,TOTO,2003,19,TOTO,76,2126050,Bob Marley & The Wailers,1980,78,Could You Be Loved
spotify:track:5HZ9Ar2N2lal46zkJWSnDT,A Forest,1MK0sGeyTNkbefYGj673e9,Behemoth,2020,31,Behemoth,56,454920,The Cure,1980,66,A Forest
spotify:track:1DYFXgGvXys20JMca3vxGk,A Forest,4X42BfuhWCAZ2swiVze9O0,Steven Wilson,2005,23,Steven Wilson,55,323632,The Cure,1980,66,A Forest
spotify:track:0bJ8bYR59Qq7r0kmMglrXl,Breaking The Law,1DFr97A9HnbV3SKTJFu62M,Motörhead,2017,53,Motörhead,69,3053732,Judas Priest,1980,72,Breaking The Law
spotify:track:3UJhB9zmE7dCX8KqH2JEQy,Breaking the Law,5GLeyUhj8B8f5pJxqZllKl,Doro,2004,38,Doro,48,141932,Judas Priest,1980,72,Breaking the Law
spotify:track:3ZI3sK9ZJB3LOiZtCs9l3p,Every Time You Go Away,6rqU9HQ57NYGBnBzbrY3a4,Paul Young,1985,62,Paul Young,64,710851,Daryl Hall & John Oates,1980,49,Every Time You Go Away
spotify:track:6BrmXk2ygV7xXukF1Nwb3J,Everytime You Go Away,5rIqOJspxDq89aBBCUda1X,Smokie,2001,33,Smokie,62,426468,Daryl Hall & John Oates,1980,49,Everytime You Go Away
spotify:track:5Lrgau7HgSVX01iFIkRe0F,Lay All Your Love on Me,1Ih0fEQQsy9EeAJbYEeQRa,Avantasia,2008,54,Avantasia,57,351775,ABBA,1980,71,Lay All Your Love on Me
spotify:track:4FcmUKSY0Z5BfDe4PzEipI,Lay All Your Love on Me,4pQN0GB0fNEEOfQCaWotsY,Helloween,1999,34,Helloween,63,924191,ABBA,1980,71,Lay All Your Love on Me
spotify:track:3FmrRgTKW28VXm2RrkF6fN,Lay All Your Love on Me,0z5DFXmhT4ZNzWElsM7V89,Erasure,1992,38,Erasure,66,804178,ABBA,1980,71,Lay All Your Love on Me
spotify:track:52wGptVLCMeGl3N0pUl2DZ,Everybody's Gotta Learn Sometimes,2KSj2QZF42ffJv8uLJk3uU,Unitopia,2012,40,Unitopia,29,8968,The Korgis,1980,57,Everybody's Gotta Learn Sometimes
spotify:track:4AkAI8T1bAsTxrg6VSvDsT,Crazy Train,5kUzPpkPyNpxRYd66c8nYG,Mystic Prophecy,2013,44,Mystic Prophecy,47,40368,Ozzy Osbourne,1980,79,Crazy Train
spotify:track:24wuzgcyrXzIAOA7BPZoeh,Crazy Train,0hWRiJV8KlRZvsZeemUJVv,Fun Lovin' Criminals,1999,26,Fun Lovin' Criminals,51,92053,Ozzy Osbourne,1980,79,Crazy Train
spotify:track:3yeFkD1S2WZ26OVgkjfozQ,Hells Bells,7cTq0bYGTIlPoXo9lFXJlL,Van Canto,2018,21,Van Canto,48,125034,AC/DC,1980,76,Hells Bells
spotify:track:3wjwYYfKR3gOh7jomRCwJa,Hells Bells,3u4HBuoQ4dgPBzX2Q9uf5S,Red Fang,2021,43,Red Fang,48,204626,AC/DC,1980,76,Hells Bells
spotify:track:4BwW3qcLXHyaD2RQNmUjrd,Hells Bells,7yz0vJbLEFfVLg8LKSvxdB,Razed In Black,2014,3,Razed In Black,25,10699,AC/DC,1980,76,Hells Bells
spotify:track:2opcBcHxrfCpM1Jw7OcrD7,Hells Bells,5QO1NNCLglKxgogzx6XLJn,Gregorian,2019,23,Gregorian,55,136578,AC/DC,1980,76,Hells Bells
spotify:track:1IgKfP9Lt6cDhw3huPCTDL,Hells Bells,7siPLyFwRFYQkKgWKJ5Sod,The Dandy Warhols,2001,20,The Dandy Warhols,62,259510,AC/DC,1980,76,Hells Bells
spotify:track:2tvdM8kapBOolD5Ek1xOPa,Fame,56RnObLA96CLXUOpCi7WhC,Naturi Naughton,2009,42,Naturi Naughton,40,3106,Irene Cara,1980,66,Fame
spotify:track:4uDbN4gOHikkTiE6VnHLzX,Fame,56ecKpjIKKUYO0sPAE7JtV,Eldissa,2011,46,Eldissa,48,6132,Irene Cara,1980,66,Fame
spotify:track:31JLlpOHfr53d0C2zufEqJ,Last Caress,2ye2Wgw4gimLv2eAKyk1NB,Metallica,1998,45,Metallica,84,19990091,Misfits,1980,59,Last Caress
spotify:track:0m6NQY797lVPpzDN4KFIz9,Last Caress,19XPDDqcXYSjDyKJ6hlACR,Asmodeus,1993,7,Asmodeus,10,792,Misfits,1980,59,Last Caress
spotify:track:0Si3djvGhbLItxlCIXvpNA,Last Caress,4S2yOnmsWW97dT87yVoaSZ,NOFX,2002,31,NOFX,64,881115,Misfits,1980,59,Last Caress
spotify:track:4mSRaJAwIZOhdxFQF4ryZa,Celebration,4RVnAU35WRWra6OZ3CbbMA,Kylie Minogue,1992,41,Kylie Minogue,79,1424077,Kool & The Gang,1980,76,Celebration
spotify:track:0bSIRERqd8Sx6tk0g8EGV2,Isolation,3MomZRiJwdZmYnysgtF4Ey,Therapy?,1994,32,Therapy?,47,81767,Joy Division,1980,52,Isolation
spotify:track:4VfnSQ2p9m6JtkO3MqOEb3,Wrathchild,7lsJe5A0TkVG5ScEUx6Y0c,Acheron,1995,1,Acheron,13,3908,Iron Maiden,1981,52,Wrathchild
spotify:track:0I3cUqffwmH2mMUHIfpC0l,Memory,7jmTilWYlKOuavFfmQAcu6,Barbra Streisand,1981,57,Barbra Streisand,69,1089559,Elaine Paige,1983,39,Memory
spotify:track:7b4WJ4Uj1Kq5Fn9sxqm76y,Memory,5yzE49FicYiSxN61oaxkNn,Judy Collins,1982,3,Judy Collins,52,190319,Elaine Paige,1983,39,Memory
spotify:track:6SApOXUh8lZHTxysHhFBBY,Memory,21LGsW7bziR4Ledx7WZ1Wf,Johnny Mathis,1982,8,Johnny Mathis,72,311244,Elaine Paige,1983,39,Memory
spotify:track:3BKgKo6yH6fyRwKPGLddc4,Memory,3alW3LYQS8K29z8C8NSLIX,Barry Manilow,1982,37,Barry Manilow,66,1164682,Elaine Paige,1983,39,Memory
spotify:track:1pEeWKbTCtRsjtyG9Jxp7L,Memory,4aP1lp10BRYZO658B2NwkG,Andrew Lloyd Webber,1981,48,Andrew Lloyd Webber,66,238331,Elaine Paige,1983,39,Memory
spotify:track:4j08A1efdJcVINBHSmQKPS,Under Pressure,7FBcuc1gsnv6Y1nwFtNRCb,My Chemical Romance,2005,51,My Chemical Romance,81,6509125,Queen,1982,82,Under Pressure
spotify:track:1VM2XA1Q5ijgYmaWqCIoyi,In the Air Tonight,7dWw3TXxNe2aEhng9vVRNl,Axel Rudi Pell,2007,38,Axel Rudi Pell,51,102110,Queen,1982,82,In the Air Tonight
spotify:track:2GV039LpIeFtgTKKIZPrf0,In the Air Tonight,6BdSOHfQ6kMg0tbAFlXR1z,Nonpoint,2004,60,Nonpoint,60,380220,Queen,1982,82,In the Air Tonight
spotify:track:6wl8vrSR56Tm7GSXjAVP91,In the Air Tonight,6tbLPxj1uQ6vsRQZI2YFCT,In This Moment,2017,50,In This Moment,65,1074115,Queen,1982,82,In the Air Tonight
spotify:track:4SuL9N5c4E7lMWNuJRhzYj,The K.K.K. Took My Baby Away,4l9ufn9GC6LLYXvIanDlLd,Face To Face,2001,24,Face To Face,51,147456,Ramones,1981,53,The K.K.K. Took My Baby Away
spotify:track:1u91c6NdkYVznTw13kWOaS,London Dungeon,1pXT9wt3jNgkk4AVvAydBm,Ghoultown,2008,20,Ghoultown,41,36549,Misfits,1981,54,London Dungeon
spotify:track:6vSbzWNUeG5gafvZL4z7c2,London Dungeon,18jFO6Z2Bpdv5jp8mXfChN,Throwdown,2020,16,Throwdown,39,67405,Misfits,1981,54,London Dungeon
spotify:track:5zVY1h1jUFLhZ7fLBjMTK7,Open Arms,4iHNK0tOyZPYnBU7nGAgpQ,Mariah Carey,1995,57,Mariah Carey,90,7345595,Journey,1981,71,Open Arms
spotify:track:4Jur2Al4pmcv2Zr96sQhyz,Halloween,7w9jdhcgHNdiPeNPUoFSlx,Dropkick Murphys,2005,18,Dropkick Murphys,66,1046366,Misfits,1981,51,Halloween
spotify:track:4zzi2eD2cEPpQ3a307mPPj,Billie Jean,6J7rw7NELJUCThPbAfyLIE,The Civil Wars,2012,60,The Civil Wars,63,784030,Michael Jackson,1982,86,Billie Jean
spotify:track:3t4p9vIhemAhCMr6hfL2pa,Billie Jean,0XHiH53dHrvbwfjYM7en7I,Chris Cornell,2007,56,Chris Cornell,65,1701401,Michael Jackson,1982,86,Billie Jean
spotify:track:4Ywv7NnJfmhrlygjGSsRe0,The Wind Beneath My Wings,5YeoQ1L71cXDMpSpqxOjfH,Sonata Arctica,2003,38,Sonata Arctica,58,517024,Roger Whittaker,1982,37,The Wind Beneath My Wings
spotify:track:2Pxqs0WmxxHTV5QaTdmt3Q,Wind Beneath My Wings,13y0kncDD4J9wxCyfKr10W,Bette Midler,1988,68,Bette Midler,64,557688,Roger Whittaker,1982,37,Wind Beneath My Wings
spotify:track:3WkEeCi2aDHLRq4yhakCnx,How Do You Keep The Music Playing ,1Mxqyy3pSjf8kZZL4QVxS0,Frank Sinatra,2019,23,Frank Sinatra,89,5295998,James Ingram,1983,56,How Do You Keep The Music Playing 
spotify:track:4LTa2DALHWoAvFKQwsRugj,How Do You Keep The Music Playing,2lolQgalUvZDfp5vvVtTYV,Tony Bennett,2011,46,Tony Bennett,78,703125,James Ingram,1983,56,How Do You Keep The Music Playing
spotify:track:3ZPKocroJIcnHGcnJVlLKD,Africa,3jOstUTkEu2JkjvRdBA5Gu,Weezer,2019,62,Weezer,76,2541092,TOTO,1982,84,Africa
spotify:track:4tnk3C7gsRzg4eCiNPlVYo,Thriller,27qG899eLldfpYtPr3S3NJ,Scandroid,2017,35,Scandroid,53,89940,Michael Jackson,1982,73,Thriller
spotify:track:4OMsAnt8JSBctSJQIMNAy1,Beat It,4UXqAaa6dQYAk18Lv7PEgX,Fall Out Boy,2009,59,Fall Out Boy,82,9233391,Michael Jackson,1982,83,Beat It
spotify:track:2OKWlT1R99aAGWBB7v5Vso,Eye of the Tiger,7gqKcfoY25do9k18uCCgIT,Bonfire,2018,43,Bonfire,46,37706,Survivor,1985,78,Eye of the Tiger
spotify:track:0qM5vBPvhwPFFuyEA0DQEj,Eye of the Tiger,4alZ73UZp90icEjdKjSIxw,At Vance,2010,34,At Vance,43,36281,Survivor,1985,78,Eye of the Tiger
spotify:track:7BAu8TEl91ZHBDAj6A4cZq,Eye of the Tiger,0Mhb0DUXc1JLm22wUkNHC1,Devil You Know,2015,40,Devil You Know,33,10523,Survivor,1985,78,Eye of the Tiger
spotify:track:1qZOyqI6DLdU09YrP7G0y8,Eye Of The Tiger,7ceUfdWq2t5nbatS6ollHh,Paul Anka,2005,31,Paul Anka,66,515090,Survivor,1985,78,Eye Of The Tiger
spotify:track:1U2L6NW89IIy6Gw63C4eP2,Only You,41A6Xdil8qhaD2DcS4X1wA,The Flying Pickets,1984,60,The Flying Pickets,47,15005,Yazoo,1982,67,Only You
spotify:track:7n2SmLoaiBoIdT3L6wowW5,Only You,7adu8fQmtoTq8O8BXQIq9L,Smith & Burrows,2011,38,Smith & Burrows,50,28831,Yazoo,1982,67,Only You
spotify:track:4RUnZtSJEYUISMQFuKUAur,Should I Stay or Should I Go,3tFvFDca4inwWMY5vupFbX,The Cooltrane Quartet,2007,48,The Cooltrane Quartet,59,34857,The Clash,1982,81,Should I Stay or Should I Go
spotify:track:0k93KjYDdohqDvo1Jp92LQ,White Wedding,4pejUc4iciQfgdX6OKulQn,Queens of the Stone Age,2007,33,Queens of the Stone Age,72,2874908,Billy Idol,1982,73,White Wedding
spotify:track:1Ygvq3qqegXyPnQaJaenY6,White Wedding,5qrZ4EXMTVH4e6odErsQjb,Murderdolls,2002,46,Murderdolls,45,106734,Billy Idol,1982,73,White Wedding
spotify:track:2KqJiEKlMkVFAc0V8L7BUz,White Wedding,5GLeyUhj8B8f5pJxqZllKl,Doro,2013,19,Doro,48,141932,Billy Idol,1982,73,White Wedding
spotify:track:75cRKswXTnnZ62E8jn9dlI,White Wedding ,5jQPKWBobu6cJwGSbbqgCk,Sentenced,1997,19,Sentenced,48,79496,Billy Idol,1982,73,White Wedding 
spotify:track:0YdWb05mQJwJnd3U7zXWFv,Hungry Like the Wolf ,12Chz98pHFMPJEknJQMWvI,Muse,2019,54,Muse,79,6785709,Duran Duran,1982,74,Hungry Like the Wolf 
spotify:track:3WMDUSEuVumGM2jYBPkTNd,Hungry Like the Wolf,707cnVfI3ISM4j5uzfTc7J,Hidden Citizens,2016,30,Hidden Citizens,60,105203,Duran Duran,1982,74,Hungry Like the Wolf
spotify:track:40kL0rQpgAULbZPHlO4qnS,Sexual Healing,45lorWzrKLxfKlWpV7r9CN,Ben Harper,1999,54,Ben Harper,66,880089,Marvin Gaye,1982,73,Sexual Healing
spotify:track:4SuUPFIFhKeeCv7Rb86d0I,The Number of the Beast,74IIqlVQQmvf04EHOI6yKh,Richard Cheese,2020,32,Richard Cheese,52,211231,Iron Maiden,1982,69,The Number of the Beast
spotify:track:7ytAmvlpcPKhhUcgKd8JRn,The Number of the Beast,3KEixcRfBS5K3E91Vn1Kdy,Iced Earth,2001,19,Iced Earth,51,301846,Iron Maiden,1982,69,The Number of the Beast
spotify:track:30K0C7M8WKmBJmjzR5XfJt,Run To The Hills,2ZUIJQdnxHYN1pssKbtwh5,Avalanch,1999,9,Avalanch,48,160254,Iron Maiden,1982,72,Run To The Hills
spotify:track:0daJhirOk8ViFHEeywYIV2,Run to the Hills,5uDC7LZBipUdnFlWoou8NE,Chris Poland,2012,0,Chris Poland,14,3740,Iron Maiden,1982,72,Run to the Hills
spotify:track:36kFSynXI3L6ePTx4IJq33,Countess Bathory,3MKwCexzAd8YTdsSjRkKbv,Unleashed,1992,17,Unleashed,38,70035,Venom,1982,43,Countess Bathory
spotify:track:2FgwTL0oEtNiySHhKN3IM0,Countess Bathory,2lbJzDX11fy6cLeFtlkUA8,MACABRE,2011,10,MACABRE,32,20931,Venom,1982,43,Countess Bathory
spotify:track:31MZ8Xnfch3LYMJ18YmTSB,Countess Bathory,73n8NYaqRf2oJBuK7lWq0O,Necrodeath,2007,2,Necrodeath,13,6252,Venom,1982,43,Countess Bathory
spotify:track:2302lUwfZ4S4dVyPOCDFnQ,Sweet Dreams,2VYQTNDsvvKN9wmU5W7xpj,Marilyn Manson,1995,71,Marilyn Manson,74,3555896,Eurythmics,1983,84,Sweet Dreams
spotify:track:7aJh7TGMukLyAml4uAwTti,Sweet Dreams,619CzMJPPWrCeZwx5qw6ko,Besomorph,2019,59,Besomorph,68,78238,Eurythmics,1983,84,Sweet Dreams
spotify:track:5xFuYnKruaC6AVbg9GDHuv,Here Comes The Rain Again,0Y2Zvpo631ACDnYOllivYM,Hypnogaja,2005,58,Hypnogaja,47,30843,Eurythmics,1983,67,Here Comes The Rain Again
spotify:track:2GlZhbGI1PA2Llu67Fmpxb,Holy Diver,7dWw3TXxNe2aEhng9vVRNl,Axel Rudi Pell,2011,34,Axel Rudi Pell,51,102110,Dio,1983,69,Holy Diver
spotify:track:3a9urnht8HvfFzPwd0ipx6,Holy Diver,37394IP6uhnjIpsawpMu4l,Killswitch Engage,2006,66,Killswitch Engage,67,1524601,Dio,1983,69,Holy Diver
spotify:track:0t7LcUic4qolMCysPrKeAd,"Die, Die My Darling",2ye2Wgw4gimLv2eAKyk1NB,Metallica,1998,57,Metallica,84,19990091,Misfits,1983,50,"Die, Die My Darling"
spotify:track:4bunYizPGQUFHGqxF8Y04P,"Die, Die, My Darling",25edj2SWTUtLeCdyx26aH4,Kryptonix,2010,8,Kryptonix,9,867,Misfits,1983,50,"Die, Die, My Darling"
spotify:track:3Ya92CUJA5uYda3viiHhwB,This Charming Man,0YrtvWJMgSdVrk3SfNjTbx,Death Cab for Cutie,2002,41,Death Cab for Cutie,67,1336354,The Smiths,1983,76,This Charming Man
spotify:track:1j6Fcfbfi6M67UwCijjaCa,This Charming Man,36gdsrHzKZ0Wyb3uH7ZbEv,Braid,2000,21,Braid,32,28612,The Smiths,1983,76,This Charming Man
spotify:track:5267gVdYWrLoz6ClOhlqmE,Blue Monday,4uYwLU7k03RCQSRXGtQGg0,Orgy,1998,64,Orgy,53,249473,New Order,1983,74,Blue Monday
spotify:track:0644nJSHj9uRw8kcgIaz8p,Seek and Destroy,4Lm0pUvmisUHMdoky5ch2I,Apocalyptica,2016,29,Apocalyptica,63,833870,Metallica,1983,68,Seek and Destroy
spotify:track:4kGwjnMylowlPNkPeK4hI3,Seek And Destroy,04bDWf1u7HxKdskC3N2nIk,Acid Drinkers,1992,13,Acid Drinkers,36,30643,Metallica,1983,68,Seek And Destroy
spotify:track:5EBYxr3uGOUu0WMgTNEsWw,Rebel Yell,1xUhNgw4eJDZfvumIpcz1B,Children Of Bodom,2009,38,Children Of Bodom,61,564081,Billy Idol,1983,75,Rebel Yell
spotify:track:3i7iDK1FgYjITotGGfDEzv,Rebel Yell,1E4r4z7ivGUcSAnCbINJ9v,Drowning Pool,2007,38,Drowning Pool,65,1544658,Billy Idol,1983,75,Rebel Yell
spotify:track:4IWeyMLkImeqevI5tmdCuj,Rebel Yell,65ATPZKTKuNo2O0BeMWuRT,David Ellefson,2020,0,David Ellefson,30,2578,Billy Idol,1983,75,Rebel Yell
spotify:track:1ZaxUokPjgc4Po18K7t7LW,King Of Pain,2Pfv2w8a20xzC7Dr7QXRqM,Mudvayne,2007,48,Mudvayne,64,1396262,The Police,1983,62,King Of Pain
spotify:track:3pRaLNL3b8x5uBOcsgvdqM,Hallelujah,3nnQpaTvKb5jCQabZefACI,Jeff Buckley,1994,74,Jeff Buckley,65,816822,Leonard Cohen,1984,68,Hallelujah
spotify:track:0NByfOtKge32j77jYtU1az,Hallelujah,7dWw3TXxNe2aEhng9vVRNl,Axel Rudi Pell,2011,51,Axel Rudi Pell,51,102110,Leonard Cohen,1984,68,Hallelujah
spotify:track:5USZyz6dnBEn1oLsKcAKQy,Hallelujah,2PfBzriIMRsCXPDtSy9vg8,Rufus Wainwright,2001,58,Rufus Wainwright,60,273543,Leonard Cohen,1984,68,Hallelujah
spotify:track:4hTg9q0AnxtH4yZKeRcMin,Hallelujah,74eX4C98E4FCrAMl39qRsJ,Theory of a Deadman,2016,60,Theory of a Deadman,69,1696890,Leonard Cohen,1984,68,Hallelujah
spotify:track:550rQQCGkrTzvp4SfpOPzx,Hallelujah,26AHtbjWKiwYzsoGoUZq53,Pentatonix,2016,81,Pentatonix,86,3197586,Leonard Cohen,1984,68,Hallelujah
spotify:track:5SKPeMlQY0GBSRt100DBOP,I Just Called to Say I Love You,6TZLwu0dAvkmzZfzoA2ZEE,Metal Saxo Band,2014,42,Metal Saxo Band,37,1900,Stevie Wonder,1984,77,I Just Called to Say I Love You
spotify:track:2lzNkjAJAXVypkjFDtfnTM,I Just Called to Say I Love You,7usp1QUBA1licGDobwDWwi,Bill Jones,2019,19,Bill Jones,23,19,Stevie Wonder,1984,77,I Just Called to Say I Love You
spotify:track:2xuOysdpeyNUzy3R45hnt9,I Just Called to Say I Love You,0AcEt9ujUBWQ50cZsaskWo,Shinehead,2021,0,Shinehead,40,6267,Stevie Wonder,1984,77,I Just Called to Say I Love You
spotify:track:0djgnjcxNgPEYQxBYRujWD,I Just Called to Say I Love You,0xZIiBWQDXYyUxzbgkW8LK,Detroit Soul Sensation,2019,0,Detroit Soul Sensation,23,721,Stevie Wonder,1984,77,I Just Called to Say I Love You
spotify:track:46eHxWRKmtYhUHPDRgclt6,Careless Whisper,6B5c4sch27tWHAGdarpPaW,Seether,2007,68,Seether,73,2694261,George Michael,1984,85,Careless Whisper
spotify:track:7ki0dDQbDiRUjScocfUqMK,Careless Whisper,02uYdhMhCgdB49hZlYRm9o,Eagles Of Death Metal,2019,47,Eagles Of Death Metal,58,470217,George Michael,1984,85,Careless Whisper
spotify:track:1sU080w4VAR3qH1udHGA6D,Careless Whisper,747B3lhFN6MsexRBAdYC9s,Get Well Soon,2014,36,Get Well Soon,41,35977,George Michael,1984,85,Careless Whisper
spotify:track:1vf0m8FrWV2f8CiU72mysM,Against All Odds (Take A Look At Me Now),4iHNK0tOyZPYnBU7nGAgpQ,Mariah Carey,1999,53,Mariah Carey,90,7345595,Phil Collins,1984,77,Against All Odds (Take A Look At Me Now)
spotify:track:30s3cW1xHDYjsN6giTJ8F0,Against All Odds (Take a Look At Me Now) ,5yV1qdnmxyIYiSFB02wpDj,The Postal Service,2003,43,The Postal Service,57,490596,Phil Collins,1984,77,Against All Odds (Take a Look At Me Now) 
spotify:track:3HszEQiMdPTNcglWcnMGk3,I Want to Know What Love Is,4cJKxS7uOPhwb5UQ70sYpN,Amason,2016,48,Amason,53,51746,Foreigner,1984,80,I Want to Know What Love Is
spotify:track:4ttCCNTaRSKmgFYOmNQzsO,I Want To Know What Love Is,4iHNK0tOyZPYnBU7nGAgpQ,Mariah Carey,2009,60,Mariah Carey,90,7345595,Foreigner,1984,80,I Want To Know What Love Is
spotify:track:71dvxqSL0JT3J4Uv2WdPJx,I'm On Fire,4njdEjTnLfcGImKZu1iSrz,AWOLNATION,2015,57,AWOLNATION,68,2024263,Bruce Springsteen,1984,76,I'm On Fire
spotify:track:04sx4DemzEp9Dzopqge2QX,I'm On Fire,4tOVIRjlWWfR1RrAxyRqTE,Chromatics,2006,56,Chromatics,60,362827,Bruce Springsteen,1984,76,I'm On Fire
spotify:track:3q0wgJXeUkhq2jeZ9JS7KN,I'm on Fire,2bGK38Qvf603fcckzUYYui,Whitey Morgan and the 78's,2008,57,Whitey Morgan and the 78's,53,97045,Bruce Springsteen,1984,76,I'm on Fire
spotify:track:2xMJZkpIR1zH7X1HbETA2v,Purple Rain,3eqjTLE0HfPfh78zjh6TqT,Bruce Springsteen,2019,35,Bruce Springsteen,81,4552064,Prince,1984,77,Purple Rain
spotify:track:3IguAGpvvLGO0k5j79pWMJ,Purple Rain,3tFvFDca4inwWMY5vupFbX,The Cooltrane Quartet,2017,39,The Cooltrane Quartet,59,34857,Prince,1984,77,Purple Rain
spotify:track:68rtmLmaGYkZVFrpgzE2Gh,Purple Rain,5TnuP42pw475UrjjeabtwZ,The Waterboys,2020,13,The Waterboys,60,203937,Prince,1984,77,Purple Rain
spotify:track:0of8eVpenjKxV7NqDEUkS4,Drive,3886aFez2HDLkio5tUzmP6,Sixx:A.M.,2014,31,Sixx:A.M.,58,341600,The Cars,1984,70,Drive
spotify:track:0Vx0GSFj4HBFqbTyXWgPhW,Drive ,27T030eWyCQRmDyuvr1kxY,Scorpions,2001,33,Scorpions,76,5196685,The Cars,1984,70,Drive 
spotify:track:5y1QAwcpZ6cDSAQDYgw9dX,Like a Virgin,0cc6vw3VN8YlIcvr1v7tBL,Mötley Crüe,2019,42,Mötley Crüe,74,3668060,Madonna,1984,74,Like a Virgin
spotify:track:7Ld3bLaHYw605EnhnPMnRH,Like a Virgin,74IIqlVQQmvf04EHOI6yKh,Richard Cheese,2006,25,Richard Cheese,52,211231,Madonna,1984,74,Like a Virgin
spotify:track:0aLBrgdmfl1DADg3ZO6y0N,Dancing in the Dark,7FfxvcUIbQ1VxrApeoq8ql,Eddie Berman,2014,59,Eddie Berman,52,19394,Bruce Springsteen,1984,80,Dancing in the Dark
spotify:track:3nvuPQTw2zuFAVuLsC9IYQ,Nothing Compares 2 U,4sD9znwiVFx9cgRPZ42aQ1,Sinéad O'Connor,1990,75,Sinéad O'Connor,63,745214,Prince,1984,56,Nothing Compares 2 U
spotify:track:0tUELgOuOJ3KCsYMDDsNvD,Nothing Compares 2 U,0XHiH53dHrvbwfjYM7en7I,Chris Cornell,2018,63,Chris Cornell,65,1701401,Prince,1984,56,Nothing Compares 2 U
spotify:track:3tFECpGckFpp0HpQje78gi,Forever Young,51K48NCxjB11t9eqUWWoIq,Youth Group,2007,55,Youth Group,46,20606,Alphaville,1984,74,Forever Young
spotify:track:6h6ygBpkcNsEujxcuxE9XB,Forever Young,7dWw3TXxNe2aEhng9vVRNl,Axel Rudi Pell,1993,31,Axel Rudi Pell,51,102110,Alphaville,1984,74,Forever Young
spotify:track:7ESAahLa4gCgyGhVNmFWFi,Material Girl,2OjtmMho2pBS86zQ1PliRu,Exhumed,2004,5,Exhumed,31,47267,Madonna,1984,74,Material Girl
spotify:track:05deCE3rw8aLEQbKDtI9M0,I Want to Break Free,2C2sVVXanbOpymYBMpsi89,The Cab,2008,24,The Cab,64,513854,Queen,1984,72,I Want to Break Free
spotify:track:0Hxty2K8F2DrrCXQyQVpBo,You Spin Me Round (Like A Record),7fWgqc4HJi3pcHhK8hKg2p,Dope,1999,67,Dope,62,633822,Dead Or Alive,1983,75,You Spin Me Round (Like A Record)
spotify:track:2BLD6EM0kaOQhPfuwANW4Q,You Spin Me Round (Like A Record),5RohEiQqwFf7HgTTLOJA0E,Gemini Five,2000,44,Gemini Five,29,7997,Dead Or Alive,1983,75,You Spin Me Round (Like A Record)
spotify:track:4uPiTKlFr5NognWy7ur7Ul,You Spin Me Round (Like a Record),5tzXA5cMiWjCzEFTqNy230,Eraserhead,2016,0,Eraserhead,0,670,Dead Or Alive,1983,75,You Spin Me Round (Like a Record)
spotify:track:1VpenLkKxrcdjYX0tKV4Es,The Killing Moon ,3inCNiUr4R6XQ3W43s9Aqi,Pavement,2008,49,Pavement,62,405930,Echo & the Bunnymen,1984,63,The Killing Moon 
spotify:track:4yQ8I306yYnro6Xufw3Ree,The Killing Moon,73YQu58A790PDacC6O64xN,The Quakes,2001,24,The Quakes,32,17969,Echo & the Bunnymen,1984,63,The Killing Moon
spotify:track:1BgxJFxLi5Qt9cwB5Enefq,For Whom The Bell Tolls,4Lm0pUvmisUHMdoky5ch2I,Apocalyptica,1998,33,Apocalyptica,63,833870,Metallica,1984,71,For Whom The Bell Tolls
spotify:track:1xK6xLcJMTAC4BgmREXpGJ,For Whom the Bell Tolls,3o2dn2O0FCVsWDFSh8qxgG,Sabaton,2014,51,Sabaton,76,1525179,Metallica,1984,71,For Whom the Bell Tolls
spotify:track:648IFa7ANWohFT0bUUr6S8,Aces High,0DCw6lHkzh9t7f8Hb4Z0Sx,Arch Enemy,2002,22,Arch Enemy,62,736588,Iron Maiden,1984,63,Aces High
spotify:track:3BsNvTCpM84WQhGrTIG8Tq,Aces High,1xUhNgw4eJDZfvumIpcz1B,Children Of Bodom,1999,38,Children Of Bodom,61,564081,Iron Maiden,1984,63,Aces High
spotify:track:6onRH7iyBTjrm2GXGrSXUp,Creeping Death,49qiE8dj4JuNdpYGRPdKbF,Stone Sour,2015,49,Stone Sour,69,2419840,Metallica,1984,55,Creeping Death
spotify:track:4lsFSxJwoqztRDjH0Bzn0r,Creeping Death,4Lm0pUvmisUHMdoky5ch2I,Apocalyptica,2016,25,Apocalyptica,63,833870,Metallica,1984,55,Creeping Death
spotify:track:1rNPRQnSEA4v4re58XO5Fx,Killed by Death,0rEuaTPLMhlViNCJrg3NEH,Beast In Black,2019,43,Beast In Black,64,164512,Motörhead,1984,60,Killed by Death
spotify:track:5lyUdf2vP9i6596WUVDXdL,Killed by Death,4yIytMmJ2tx30YdMAMkDSo,Lion's Share,2020,14,Lion's Share,26,5165,Motörhead,1984,60,Killed by Death
spotify:track:3D8VN5OkYlgYi0ebtatyxv,Perfect Strangers,2aaLAng2L2aWD2FClzwiep,Dream Theater,1995,34,Dream Theater,65,1281972,Deep Purple,1984,68,Perfect Strangers
spotify:track:2roNFhbSEvHWkRm1hdxSBf,Perfect Strangers,5SaDyTQkjAAdrsmhPzrmw2,Jorn,2018,32,Jorn,46,70281,Deep Purple,1984,68,Perfect Strangers
spotify:track:61tPW4nD54ajc3OpOxBdcN,Perfect Strangers,4OGo8f0tdKloP3IZwvnLqt,Pretty Maids,2019,10,Pretty Maids,45,68185,Deep Purple,1984,68,Perfect Strangers
spotify:track:5nFhpMzPBvyK1pqlv1VUQn,Powerslave,28hJdGN1Awf7u3ifk2lVkg,Testament,2012,33,Testament,58,779913,Iron Maiden,1984,54,Powerslave
spotify:track:1lgQ7wpNDxSukuT4cgYrfW,Shout,3TOqt5oJwL9BE2NG9MEwDa,Disturbed,2010,53,Disturbed,77,5203496,Tears For Fears,1985,73,Shout
spotify:track:3rwGgfQVmxNz0PBZnX8svT,Shout,4alZ73UZp90icEjdKjSIxw,At Vance,2006,21,At Vance,43,36281,Tears For Fears,1985,73,Shout
spotify:track:1PTVuPQIkZ7FvWRxaXfOu4,Wonderful Life,2KftmGt9sk1yLjsAoloC3M,Zucchero,2007,45,Zucchero,66,712573,Black,1987,71,Wonderful Life
spotify:track:3FVRXe6GJB9ShdJQJfQupb,Wonderful Life,4yhFNGYYtOnLEaOc0Ijvk2,Carrion,2007,45,Carrion,34,7405,Black,1987,71,Wonderful Life
spotify:track:1MZUiQyaSw1YX4zGFWel66,Wonderful Life,74eY8wbrhhVD7pACbBHwHw,Imany,2021,31,Imany,61,237882,Black,1987,71,Wonderful Life
spotify:track:2l9HDZnaCCaPxhL4fPWScK,Wonderful Life,7adu8fQmtoTq8O8BXQIq9L,Smith & Burrows,2011,54,Smith & Burrows,50,28831,Black,1987,71,Wonderful Life
spotify:track:0d0KdRFc3Mgj6uFGToGv7e,Wasted Years,5HAculFU4ScJVhfwXKK0hr,Daniel Cavanagh,2015,16,Daniel Cavanagh,26,8501,Iron Maiden,1986,66,Wasted Years
spotify:track:7lBWQ3cqc77laUAGgzqPJY,Wasted Years,79el7mcHYhXYW3Zek21i0L,DevilDriver,2009,34,DevilDriver,53,410028,Iron Maiden,1986,66,Wasted Years
spotify:track:3c6U71EfGrbUP6zw6PWDjM,Wasted Years,2D7Ny4k0BNiK9aKht353nZ,Carved In Trees,2016,21,Carved In Trees,9,358,Iron Maiden,1986,66,Wasted Years
spotify:track:4mYMM6BN3L2pHU0AYWRX4H,Master of Puppets,4Lm0pUvmisUHMdoky5ch2I,Apocalyptica,2016,29,Apocalyptica,63,833870,Metallica,1986,76,Master of Puppets
spotify:track:4QsHiSMJjl5Wz4ha7SPsCC,Master of Puppets,2aaLAng2L2aWD2FClzwiep,Dream Theater,2021,29,Dream Theater,65,1281972,Metallica,1986,76,Master of Puppets
spotify:track:0P5D7ji9AJi85bEdQhq50a,Master of Puppets,278ZYwGhdK6QTzE3MFePnP,Trivium,2005,51,Trivium,67,1288404,Metallica,1986,76,Master of Puppets
spotify:track:3UA0F8MAYMPsgSn4MzoEMT,Master Of Puppets,33k6kPYIS5TgseAc70LZjy,David Garrett,2010,36,David Garrett,57,422813,Metallica,1986,76,Master Of Puppets
spotify:track:2RTLIQRc8yogHh08waQDVa,I Know It's Over,3nnQpaTvKb5jCQabZefACI,Jeff Buckley,2016,50,Jeff Buckley,65,816822,The Smiths,1986,64,I Know It's Over
spotify:track:5EBzjeUH8O1VkllLqHsBcv,I Still Haven't Found What I'm Looking For,5vpW1Chvuq7KHiDtlc9zeh,Chimes,2014,28,Chimes,18,249,U2,1987,78,I Still Haven't Found What I'm Looking For
spotify:track:2XrIWcOPQMwXAxCYQam6jN,Lucretia My Reflection,24WRvSDW3TaWsPvJ9JwDTx,Love Like Blood,2001,43,Love Like Blood,32,14194,Sisters of Mercy,1987,55,Lucretia My Reflection
spotify:track:2yUkX5Ea2NwodDJPvvsTxR,Lucretia My Reflection,1qrGnVZhEO4vX3ahn4RY1r,Warrel Dane,2008,40,Warrel Dane,29,16761,Sisters of Mercy,1987,55,Lucretia My Reflection
spotify:track:47GamFbsSRwhE42rCVzHKm,Lucretia My Reflection,3BM0EaYmkKWuPmmHFUTQHv,Kreator,2021,9,Kreator,55,549473,Sisters of Mercy,1987,55,Lucretia My Reflection
spotify:track:3fR6HdcPn0VHjMBnbGvCQc,Where Is My Mind?,6RZUqkomCmb8zCRqc9eznB,Placebo,2003,57,Placebo,70,1560280,Pixies,1988,79,Where Is My Mind?
spotify:track:1rGxG6Y5OgmSwGPRPJv9Q4,True Colors,2txHhyCwHjUEpJjWrEyqyX,Tom Odell,2016,63,Tom Odell,76,1984354,Cyndi Lauper,1986,72,True Colors
spotify:track:3iD7f8biGSkrgGB609uzCR,True Colors ,4lxfqrEsLX6N1N4OCSkILp,Phil Collins,2016,59,Phil Collins,79,4217909,Cyndi Lauper,1986,72,True Colors 
spotify:track:4AvvHmGzjW8Y7JZlq51NAQ,True Colors,2L3kwZFd16zjHz9a5kEPAm,Ane Brun,2008,54,Ane Brun,64,278442,Cyndi Lauper,1986,72,True Colors
spotify:track:7iYvpjSQ9OuXTAMGSRiLJZ,True Colors,6fNmOWQzfOVyHLQ2UqUQew,Eva Cassidy,2003,48,Eva Cassidy,64,376517,Cyndi Lauper,1986,72,True Colors
spotify:track:4TVh6yfE6CDScminxsFcCh,True Colors,2oBcbbUQy8Md3FYXifyPTF,ConKi,2020,49,ConKi,60,3748,Cyndi Lauper,1986,72,True Colors
spotify:track:58UEwo2r86awBBUSMZCP5X,Kiss ,77zrvBORXcnTyysjjKRfBU,The Art Of Noise,1988,50,The Art Of Noise,48,115083,Prince,1986,75,Kiss 
spotify:track:4uNVov9QFiAUMRHeFkRjhc,Kiss,5riS4sDqcjVAwvC37jxTP0,PIG,2019,6,PIG,33,17446,Prince,1986,75,Kiss
spotify:track:2kyezitNXSQaIa1nsQRWVp,Don't Dream It's Over,0lJlKQvuM2Sd9DPPyUXcHg,Sixpence None The Richer,2002,62,Sixpence None The Richer,66,361721,Crowded House,1986,74,Don't Dream It's Over
spotify:track:6SCukLFuxiCmzXoQXF0wvm,Don't Dream It's Over,6rqU9HQ57NYGBnBzbrY3a4,Paul Young,2003,38,Paul Young,64,710851,Crowded House,1986,74,Don't Dream It's Over
spotify:track:0OUWImDyxZMP0myhpiwQpo,Don't Dream It's Over,75jU2q0uEWzSIlqRJtedJV,Sarah Blasko,2005,44,Sarah Blasko,48,98080,Crowded House,1986,74,Don't Dream It's Over
spotify:track:4b1hVHiZrltoXPDskF0mCp,Don't Dream It's Over,0n94vC3S9c3mb2HyNAOcjg,The Head And The Heart,2017,54,The Head And The Heart,67,954595,Crowded House,1986,74,Don't Dream It's Over
spotify:track:3tJTdVaPndqRN6o5326Sfx,Don't Dream It's Over,0lJlKQvuM2Sd9DPPyUXcHg,Sixpence None The Richer,2015,44,Sixpence None The Richer,66,361721,Crowded House,1986,74,Don't Dream It's Over
spotify:track:4tz7kC5r4jZuChQcy9VJWI,Livin' on a Prayer ,7HXBbxW6YwU8lvgBew2p2A,Matt Johnson,2014,42,Matt Johnson,62,32845,Bon Jovi,1986,85,Livin' on a Prayer 
spotify:track:0mVBRKY4CM7wu5k9RAEVPI,Livin’ on a Prayer,5HYNPEO2NNBONQkp3Mvwvc,Scott Bradlee's Postmodern Jukebox,2014,41,Scott Bradlee's Postmodern Jukebox,66,865648,Bon Jovi,1986,85,Livin’ on a Prayer
spotify:track:5fM12k3UmQaflskeMb0uxK,Livin' on a Prayer,0pldXaMyJUzrlzYn7uXped,KnightsBridge,2021,7,KnightsBridge,41,2188,Bon Jovi,1986,85,Livin' on a Prayer
spotify:track:1xGU1DSWGDiIKEuJc4Ox84,Livin on a Prayer,5r1CCpk0rhguhNGqff1ETw,World Mestizo Ensemble,2007,30,World Mestizo Ensemble,31,1050,Bon Jovi,1986,85,Livin on a Prayer
spotify:track:5N9uoDrsUe4i5FIkCJFuXO,Livin' on a Prayer,1K5TlQzuCSgE7bXHXrgGpp,Rocksolid,1998,48,Rocksolid,34,158,Bon Jovi,1986,85,Livin' on a Prayer
spotify:track:7HDOeq4Pm2mOayUVFdKaqD,The Lady in Red,3tFvFDca4inwWMY5vupFbX,The Cooltrane Quartet,2019,57,The Cooltrane Quartet,59,34857,Chris de Burgh,1986,77,The Lady in Red
spotify:track:5ly6vtKBXKuvb63kKujA6y,The Lady in Red,4ljOkDvEcykt2J0K4Aj2Ed,Saxophone Dreamsound,2015,20,Saxophone Dreamsound,39,13931,Chris de Burgh,1986,77,The Lady in Red
spotify:track:16Atxkv00D3ascI4SoBN5o,The Lady In Red,6KfBRWdD4ZjB3Nh5iPnx7V,Marquis Expressions,2010,20,Marquis Expressions,27,279,Chris de Burgh,1986,77,The Lady In Red
spotify:track:1cTVzN1s9EHwvpIkZKkTSb,The Final Countdown,747P2pvOwW22iRcFS9zQDv,Toy Dolls,2018,22,Toy Dolls,44,62641,Europe,1986,79,The Final Countdown
spotify:track:5ZBg7g1NhShpMEmmpGzxIa,The Final Countdown,5yxyJsFanEAuwSM5kOuZKc,London Symphony Orchestra,1997,27,London Symphony Orchestra,77,237066,Europe,1986,79,The Final Countdown
spotify:track:301BrldqqK43RLJSiy9LLT,The Final Countdown,7l4LQfvN4yz8zbK4WY0AAg,Laibach,2021,4,Laibach,40,69865,Europe,1986,79,The Final Countdown
spotify:track:622x3ps1iSIjTZPcEMCwnX,The Final Countdown,0wf8Rn6bjZgEkKp0eV9omw,Groove Da Praia,2014,47,Groove Da Praia,58,17411,Europe,1986,79,The Final Countdown
spotify:track:3e60wwuTCl2BbD3v5nTJmj,The Final Countdown,5HYNPEO2NNBONQkp3Mvwvc,Scott Bradlee's Postmodern Jukebox,2018,36,Scott Bradlee's Postmodern Jukebox,66,865648,Europe,1986,79,The Final Countdown
spotify:track:0nPb5PLTXAetNCpi0PyGGO,The Final Countdown,3C0PKxcP1f25siYFYiyHa1,Damned Anthem,2018,47,Damned Anthem,43,13617,Europe,1986,79,The Final Countdown
spotify:track:6CFzhfVX4iJlDdLCR6kdgh,The Final Countdown,4gSQlkxtYOyPSRFksQk6tb,Affiance,2012,36,Affiance,38,19504,Europe,1986,79,The Final Countdown
spotify:track:0VDRE9W8L4fhXBOf969Ui1,The Final Countdown,44CMqAkutKvmCaE2OxyCbd,BRAN,2021,56,BRAN,60,2678,Europe,1986,79,The Final Countdown
spotify:track:5FAk6VBeHSabUTstA0dGR4,Who Wants To Live Forever,5BtHciL0e0zOP7prIHn3pP,Breaking Benjamin,2011,37,Breaking Benjamin,75,3804588,Queen,1986,66,Who Wants To Live Forever
spotify:track:7wSB7Mg7eba6WQKuiYB0FT,Who Wants to Live Forever,6ISyfZw4EVt16zhmH2lvxp,After Forever,2013,21,After Forever,43,117532,Queen,1986,66,Who Wants to Live Forever
spotify:track:4RfN9kfMzSJl6kMWJoRRDq,Who Wants To Live Forever,4u78tFtzvcrrs8kzkXsW4r,Dune,1997,38,Dune,52,45130,Queen,1986,66,Who Wants To Live Forever
spotify:track:5JDxDA7F9JjJPXMi6KLVw3,There Is A Light That Never Goes Out,2bA2YuQk2ID3PWNXUhQrWS,Johnny Marr,2015,34,Johnny Marr,61,106166,The Smiths,1986,76,There Is A Light That Never Goes Out
spotify:track:3QnfUsOMGZwWZYOoegcy5W,There Is a Light That Never Goes Out,1geEJC0mAf9bjfmYCffS9F,The Daysleepers,2017,32,The Daysleepers,32,14564,The Smiths,1986,76,There Is a Light That Never Goes Out
spotify:track:6tNodrmrsA206cZ0MTJNFN,Don't Give Up,2ZvrvbQNrHKwjT7qfGFFUW,Herbie Hancock,2010,44,Herbie Hancock,61,547202,Peter Gabriel,1986,63,Don't Give Up
spotify:track:3VBAiSs4d0IXiejCPtVHpF,Don't Give Up,5QO1NNCLglKxgogzx6XLJn,Gregorian,2000,30,Gregorian,55,136578,Peter Gabriel,1986,63,Don't Give Up
spotify:track:2mpoL077tfqBaEKZkPUOsM,Don't Give Up,5W5bDNCqJ1jbCgTxDD0Cb3,Willie Nelson,1993,30,Willie Nelson,74,1587085,Peter Gabriel,1986,63,Don't Give Up
spotify:track:0fAtofg2FmFBGxrjcDqggu,Wanted Dead or Alive,3L7yYf09MZWuZhZl5e92Xe,Smith & Myers,2014,42,Smith & Myers,51,43876,Bon Jovi,1986,76,Wanted Dead or Alive
spotify:track:3UjlmJWu60boEOj30M0ibP,Wanted Dead or Alive,2mKiBiT7SkTNNgWqaZynfw,Northern Kings,2008,18,Northern Kings,37,53808,Bon Jovi,1986,76,Wanted Dead or Alive
spotify:track:7IfckgnBsIdP4XE4tfWEDN,Take On Me,3bXhZFreBJF4QDUUiMmtZW,Reel Big Fish,2010,60,Reel Big Fish,59,417035,a-ha,1985,86,Take On Me
spotify:track:23STx1IIxNhpX6sbANkcwa,Take on Me,2mKiBiT7SkTNNgWqaZynfw,Northern Kings,2008,38,Northern Kings,37,53808,a-ha,1985,86,Take on Me
spotify:track:73xreKXC5zVGt5Uh5EHo7q,Take on Me,3Cpk1xlScqbYhmv5EqoI4Y,First to Eleven,2020,29,First to Eleven,57,120836,a-ha,1985,86,Take on Me
spotify:track:3S1tTwSKIZgf4QGltFyCxM,Everybody Wants to Rule the World,163tK9Wjr9P9DmM0AVK7lm,Lorde,2013,66,Lorde,81,8822669,Tears For Fears,1985,84,Everybody Wants to Rule the World
spotify:track:4LXwDXCJnTPoWexw3BJFVZ,Everybody Wants to Rule the World,0vYkHhJ48Bs3jWcvZXvOrP,Patti Smith,2007,33,Patti Smith,63,830652,Tears For Fears,1985,84,Everybody Wants to Rule the World
spotify:track:4hfPj7VGeea4aMaZBQRPIO,Everybody Wants to Rule the World,3jsyANBBy6gOZUSQhiGclx,Ninja Sex Party,2016,51,Ninja Sex Party,61,350018,Tears For Fears,1985,84,Everybody Wants to Rule the World
spotify:track:3FdVqG7EFSLyd4N6UTumwe,Overjoyed,7xzxyplw6qLKL3AWVTrkhs,Ordinarius,2016,12,Ordinarius,26,9121,Stevie Wonder,1985,61,Overjoyed
spotify:track:37CJT0XWxY78uhw1wnMdpc,Overjoyed,1XkoF8ryArs86LZvFOkbyr,Mary J. Blige,2003,30,Mary J. Blige,75,2931999,Stevie Wonder,1985,61,Overjoyed
spotify:track:3nHT0BjFWe8Xh8RMdallIg,Overjoyed,6U57UDt8Ou4pLLvCSdvKHO,Anthony Strong,2013,16,Anthony Strong,39,5436,Stevie Wonder,1985,61,Overjoyed
spotify:track:7MDIshKStnDhx0bXTVhmvF,Don't You (Forget About Me),7lzordPuZEXxwt9aoVZYmG,Billy Idol,2001,41,Billy Idol,72,1336623,Simple Minds,1985,76,Don't You (Forget About Me)
spotify:track:6KZIRBZJycFZwOQLps0eDu,Don't You (Forget About Me),4gyzQpfG5YQZJt2jj0IkEl,Life Of Agony,2019,10,Life Of Agony,42,68797,Simple Minds,1985,76,Don't You (Forget About Me)
spotify:track:0umJTa7ElbNOOpgE3mFVEx,Don't You (Forget About Me),5tSLmFImGgwX38wtPdldkH,Leelou,2008,19,Leelou,25,72,Simple Minds,1985,76,Don't You (Forget About Me)
spotify:track:6RHHbAbyIcPpvS1dP3KUGq,Running up that Hill,6RZUqkomCmb8zCRqc9eznB,Placebo,2003,66,Placebo,70,1560280,Kate Bush,1985,67,Running up that Hill
spotify:track:2584zPT5AwhxX3LnvilyDi,Running up that Hill,3waFze2hMUecCLD0BJ4rvU,Faith And The Muse,2001,37,Faith And The Muse,32,21294,Kate Bush,1985,67,Running up that Hill
spotify:track:20yPPvSSfIomexVwLdgXSo,Running up that Hill,4tOVIRjlWWfR1RrAxyRqTE,Chromatics,2007,53,Chromatics,60,362827,Kate Bush,1985,67,Running up that Hill
spotify:track:3vor53j3KuWow92aO5E4Yh,Running up that Hill,5SaDyTQkjAAdrsmhPzrmw2,Jorn,2018,26,Jorn,46,70281,Kate Bush,1985,67,Running up that Hill
spotify:track:6iGGevvTUNJbWUy4pXxb0X,Running up that hill,4EUk98P30lADpsZT3muhMq,Icon & The Black Roses,2004,20,Icon & The Black Roses,19,5768,Kate Bush,1985,67,Running up that hill
spotify:track:3rFPm5zgLVE6Yh79vifv0U,A View to a Kill,2mKiBiT7SkTNNgWqaZynfw,Northern Kings,2008,17,Northern Kings,37,53808,Duran Duran,1989,62,A View to a Kill
spotify:track:5EBTTuOz3LxwB81YmI2NTT,A View to a Kill,4cEL3tJOWdq1KzfdBptfjV,The Secret Service Orchestra,2015,13,The Secret Service Orchestra,29,142,Duran Duran,1989,62,A View to a Kill
spotify:track:4PuK6YlUF5Jyjs3m0uxFLK,Into the Groove,7rDxVQk6CXMHnCXqeA9RG4,MadHouse,2013,0,MadHouse,36,2509,Madonna,1985,67,Into the Groove
spotify:track:4OI9O7PLprLSe742GBisWC,Into the Groove,54gB6wMsoLug1VDO7XnNQd,Amanda Zullo,2012,27,Amanda Zullo,23,323,Madonna,1985,67,Into the Groove
spotify:track:1fv3vg70RR166UQ9sQhilm,Inbetween Days,3ZVX4t8JsbyqQ2pmOYQ5af,Bloodflowerz,2015,2,Bloodflowerz,8,1021,The Cure,1985,67,Inbetween Days
spotify:track:5VZO9H2YyIWHytHzjlfDFa,Inbetween Days,55tif8708yyDQlSjh3Trdu,Ben Folds,2006,36,Ben Folds,55,258832,The Cure,1985,67,Inbetween Days
spotify:track:2mGl1bUxSHMq2KFMsOxRLr,Inbetween Days,1gziOczQaDTj4pXbljZPX2,Francoise Sanders,2010,36,Francoise Sanders,46,1361,The Cure,1985,67,Inbetween Days
spotify:track:1ySUN8ZvsJEkt4pV77ceHc,The Power of Love ,1DsKnFg60OnRHuHiaqQbxv,Rubén Melongno,2006,3,Rubén Melongno,0,14,Huey Lewis & The News,1984,75,The Power of Love 
spotify:track:156p406wi0ABJfLpJlLvEl,The Power of Love,6xYBLeSMu1AqPsnUzEvx5n,Anya Marina,2016,11,Anya Marina,43,44812,Huey Lewis & The News,1984,75,The Power of Love
spotify:track:7J7ekbOIJ2JTPTAbwZfJba,The Power of Love,6V6WCgi7waF55bJmylC4H5,Gloria Gaynor,2003,4,Gloria Gaynor,68,711615,Huey Lewis & The News,1984,75,The Power of Love
spotify:track:4jOQlnstMwsPV6cjyk1vec,Walk Like An Egyptian,1svaANJTE5KrG16fTGDqOs,The Puppini Sisters,2007,34,The Puppini Sisters,71,58597,The Bangles,1985,62,Walk Like An Egyptian
spotify:track:2TGZfGj48LnU2k6IN3h4jt,Walk Like an Egyptian,5KWOCu1saEHAhPiLKlOLIy,Leo,2020,22,Leo,62,287933,The Bangles,1985,62,Walk Like an Egyptian
spotify:track:3HQKw5cvjH63e6fW2zeIcy,Walk Like An Egyptian,7D8LuVnlyu91ndcPe70j7S,Jade Bird,2018,34,Jade Bird,56,162549,The Bangles,1985,62,Walk Like An Egyptian
spotify:track:5uVYMsPAoNrdFzbRnSPlU3,Hybrid Moments,2nUbg56ljfs5oXyB1UNiY8,Helvetia,2010,50,Helvetia,44,22656,Misfits,1985,53,Hybrid Moments
spotify:track:6vcxD1ub0qIb0drKWOQn0L,Hybrid Moments,5p3WimI9yquAF6Lqhlm4Ol,No Use For A Name,2017,33,No Use For A Name,50,182220,Misfits,1985,53,Hybrid Moments
spotify:track:0s0k85b2twqe85WubtFOPX,Hybrid Moments,3mvTAjG7rcyk7DQzLwauzV,The Bouncing Souls,2011,25,The Bouncing Souls,52,167984,Misfits,1985,53,Hybrid Moments
spotify:track:6k08bj5cOTPTyg5plkQlXB,Hybrid Moments,4HWwt3a3fzK8sxsvrmNkRu,The Burials,2019,5,The Burials,2,105,Misfits,1985,53,Hybrid Moments
spotify:track:5RXceagiWJrhEgOoVfKneB,Close to Me,2QlGlfnbRZodXMKzFACfzf,Pyeng Threadgill,2005,38,Pyeng Threadgill,24,1315,The Cure,1985,71,Close to Me
spotify:track:2CMy8hpO1Io6zmqYbtb14i,Close to Me,4gabaIWq4MwMxp6HT3z5Eb,I Was A Cub Scout,2008,7,I Was A Cub Scout,9,1711,The Cure,1985,71,Close to Me
spotify:track:16eiPQArRa2Uv3UUEtjtVm,Close to Me,1s2pki7lATUaBOL76E3vCV,Kaki King,2014,23,Kaki King,40,55616,The Cure,1985,71,Close to Me
spotify:track:0H80LwTDzjj3pxMSMUJxPW,There Must Be An Angel (Playing With My Heart),0SvrLdWVr6mJQCoQGizv7T,Lisa Bassenge Trio,2004,24,Lisa Bassenge Trio,13,1209,Eurythmics,1985,45,There Must Be An Angel (Playing With My Heart)
spotify:track:17y5sXB9j1QKc8zw1e89ie,There Must Be an Angel (Playing with My Heart),4RVnAU35WRWra6OZ3CbbMA,Kylie Minogue,2011,23,Kylie Minogue,79,1424077,Eurythmics,1985,45,There Must Be an Angel (Playing with My Heart)
spotify:track:4VBgY05ZTtylJGLkqiTCbZ,Brothers in Arms,1EevBGfUh3RSQSGpluxgBm,Joan Baez,2017,45,Joan Baez,60,498907,Dire Straits,1985,65,Brothers in Arms
spotify:track:6EFVCBRoInFA89V4wCwu9m,Brothers in Arms,1gu9pTR4fuo9fSvMNWpHzW,Club For Five,2009,42,Club For Five,43,15904,Dire Straits,1985,65,Brothers in Arms
spotify:track:3FbHTBRduL17BqF1CT6mGV,Brothers in Arms,2mKiBiT7SkTNNgWqaZynfw,Northern Kings,2007,22,Northern Kings,37,53808,Dire Straits,1985,65,Brothers in Arms
spotify:track:22J0MPBxGP3ZAiBlYQYy8Y,Angelfuck,0L5fC7Ogm2YwgqVCRcF1bT,Volbeat,2012,33,Volbeat,76,1996524,Misfits,1985,45,Angelfuck
spotify:track:0Zjn3TJgZIKlmkuHDSkNK2,Angelfuck,4LdZNE5MHGqvc0N9ivXNF3,The Joy Formidable,2016,2,The Joy Formidable,43,112895,Misfits,1985,45,Angelfuck
spotify:track:7HSL2bVCT8Vy6cCpfdSrxi,Angelfuck,1PoRKKehirID7wyL6FPUJV,Orange Hell,2021,3,Orange Hell,5,74,Misfits,1985,45,Angelfuck
spotify:track:1iQ1BpOGF1Umd3lpTV4OPO,With or Without You,2FyfsZmatt8gWR3LKnQIwE,Roses & Frey,2018,53,Roses & Frey,52,8978,U2,1987,59,With or Without You
spotify:track:2JfHK368ncpGNfQfYUbMr8,With or Without You,6Q5cnVb5SfF6RWedEp57Al,Michelle Simonal,2007,47,Michelle Simonal,56,10206,U2,1987,59,With or Without You
spotify:track:4AxZmpQA6mz1N8NLbtcCct,With or Without You,5QO1NNCLglKxgogzx6XLJn,Gregorian,2005,20,Gregorian,55,136578,U2,1987,59,With or Without You
spotify:track:39ifiZKJ8VCwgyQTWy9cyL,I Still Haven't Found What I'm Looking For,470WlqN9HSRDGNaMufeHHF,Imaginary Future,2019,44,Imaginary Future,64,129723,U2,1987,78,I Still Haven't Found What I'm Looking For
spotify:track:4r7Uh896cC8W5w1P2sQsRm,I Still Haven't Found What I'm Looking For,0c1yCfC1Vj4wtumiENdE1g,Joe Slater,2021,34,Joe Slater,21,879,U2,1987,78,I Still Haven't Found What I'm Looking For
spotify:track:7rJzK82yBKsNkCEovi7mj5,Fragile,3IKV7o6WPphDB7cCWXaG3E,Isaac Hayes,1995,38,Isaac Hayes,58,541393,Sting,1987,68,Fragile
spotify:track:1mhg8NUbxdWzhWpF8N2m2O,Fragile,6TZ5t4kclsmGWHqb3mGyha,Cassandra Wilson,2003,55,Cassandra Wilson,49,70416,Sting,1987,68,Fragile
spotify:track:62WN08m5pycMB66qnmnQ2S,Fragile,4etuCZVdP8yiNPn4xf0ie5,Julio Iglesias,1994,53,Julio Iglesias,72,1944288,Sting,1987,68,Fragile
spotify:track:5n72pQuOUKG7cvgwy01lYm,Deathcrush,1MK0sGeyTNkbefYGj673e9,Behemoth,2015,13,Behemoth,56,454920,Mayhem,1987,51,Deathcrush
spotify:track:5TR6gunaSDy1Wacwxek1lg,Deathcrush,0sD9rwKo3qPBs32gi97FNn,Tsjuder,2015,8,Tsjuder,32,50228,Mayhem,1987,51,Deathcrush
spotify:track:2aomdFdn6fHVKjEHoqvRDq,Deathcrush,4hzpgE0KNP1J92Jq1Sij6b,Bloodthorn,2010,1,Bloodthorn,5,1818,Mayhem,1987,51,Deathcrush
spotify:track:3rYoBpalJnVx5r2LDujPMQ,Deathcrush,7zkGrXJUgjPsifyKDMmxQN,Bloodrain,2009,0,Bloodrain,5,327,Mayhem,1987,51,Deathcrush
spotify:track:41LOVUkYxLc3IcdpF6QE0t,Sweet Child O' Mine,3Cpk1xlScqbYhmv5EqoI4Y,First to Eleven,2019,43,First to Eleven,57,120836,Guns N' Roses,1987,83,Sweet Child O' Mine
spotify:track:1Ztlpc1LNOohP2XUovcQsi,Sweet Child O' Mine,2TL8gYTNgD6nXkyuUdDrMg,Jasmine Thompson,2014,53,Jasmine Thompson,72,812704,Guns N' Roses,1987,83,Sweet Child O' Mine
spotify:track:1g328lHLzutjVQVpiSSWTc,Sweet Child O' Mine,6Fi8CHfO8WGtu3yO8c2Mc4,2CELLOS,2021,46,2CELLOS,63,862323,Guns N' Roses,1987,83,Sweet Child O' Mine
spotify:track:2EkIlSe8AFbPO2z7QPUPpH,Man in the Mirror,4BoBwZFmzlSepZqWiok2Z9,Anakelly,2006,39,Anakelly,52,6178,Michael Jackson,1987,71,Man in the Mirror
spotify:track:0xz9oj49aAIlCart5JZ0G5,Man In the Mirror,2kdj8RpXo5Oxyaxpbkrq0x,Texas Lightning,2006,13,Texas Lightning,40,3118,Michael Jackson,1987,71,Man In the Mirror
spotify:track:4JNCzZApDFb1mZ9p3091Gz,Man In the Mirror,1qLwXsUtyW2Ba2Iotg4gE3,PelleK,2014,5,PelleK,56,160035,Michael Jackson,1987,71,Man In the Mirror
spotify:track:33asYxhQGxoIZvfcaIIfaf,I Wanna Dance with Somebody (Who Loves Me),02U4dXZhGSo07f66l8JZ91,Tom Speight,2018,48,Tom Speight,57,50267,Whitney Houston,1987,84,I Wanna Dance with Somebody (Who Loves Me)
spotify:track:3Nca5js9xKegX655YZ43Uq,I Wanna Dance With Somebody (Who Loves Me) ,4UXqAaa6dQYAk18Lv7PEgX,Fall Out Boy,2018,50,Fall Out Boy,82,9233391,Whitney Houston,1987,84,I Wanna Dance With Somebody (Who Loves Me) 
spotify:track:7yAjlvd6o6PIWiK7MorCQO,The Way You Make Me Feel,7ceUfdWq2t5nbatS6ollHh,Paul Anka,2005,26,Paul Anka,66,515090,Michael Jackson,1987,76,The Way You Make Me Feel
spotify:track:1jFAvVWayM4tkk9fo7kyVs,The Way You Make Me Feel,2BalmJSc5QUI9SrP8ZZnJG,David Gogo,2011,28,David Gogo,32,4806,Michael Jackson,1987,76,The Way You Make Me Feel
spotify:track:6HZlrnlu4NBbEKNldMU8kJ,Englishman in New York,6bwJA8gugndMQxiuMsnYDV,PH Electro,2010,42,PH Electro,45,12616,Sting,1987,75,Englishman in New York
spotify:track:4Z9GCSrVKzLnbOPbp4jZmQ,Englishman in New York,2rgBdISvFFXRbjU6uzPvqz,Hotel Buenavida,2015,20,Hotel Buenavida,20,372,Sting,1987,75,Englishman in New York
spotify:track:69u4YVuqKoVp3nZmpyxC8I,Just Like Heaven,267VY6GX5LyU5c9M85ECZQ,Dinosaur Jr.,1987,50,Dinosaur Jr.,56,411427,The Cure,1987,73,Just Like Heaven
spotify:track:6HSwdJ6rsfBkUnz6BEsxLN,Just Like Heaven,0XJaZaoMBv3i7FoAr7Slg4,The Watson Twins,2008,31,The Watson Twins,35,6405,The Cure,1987,73,Just Like Heaven
spotify:track:1uwZwtsGBQIfZy0zsB8Hgt,Never Gonna Give You Up ,5KWOCu1saEHAhPiLKlOLIy,Leo,2014,34,Leo,62,287933,Rick Astley,1987,82,Never Gonna Give You Up 
spotify:track:5fnDDcjcXKUvJ6iSnpiU0v,Never Gonna Give You Up,4BlBvAGQrqv3vWmx8GWTds,Mac Beez,2017,50,Mac Beez,39,2162,Rick Astley,1987,82,Never Gonna Give You Up
spotify:track:757OvYyJV3kDs8CqTPxVKF,Never Gonna Give You Up,2GpNj5VAwxS4Mx8hN7DBwW,The Producers,2019,17,The Producers,15,67,Rick Astley,1987,82,Never Gonna Give You Up
spotify:track:5z6xHjCZr7a7AIcy8sPBKy,Smooth Criminal,6TZdvF1kFzwnQLgHQynzsO,Alien Ant Farm,2001,78,Alien Ant Farm,65,696955,Michael Jackson,1987,80,Smooth Criminal
spotify:track:5ChPxs59cA6coOIJVSyWoP,Smooth Criminal ,33k6kPYIS5TgseAc70LZjy,David Garrett,2018,19,David Garrett,57,422813,Michael Jackson,1987,80,Smooth Criminal 
spotify:track:7fHfD4yeKbzk2a7i5kEPBq,Smooth Criminal,38HqxBtUpMunEP3kKLjEby,CHENDA,2021,53,CHENDA,50,3989,Michael Jackson,1987,80,Smooth Criminal
spotify:track:5GCXKEqSBkkefcmrsgxFEp,Calling You ,3nnQpaTvKb5jCQabZefACI,Jeff Buckley,2016,24,Jeff Buckley,65,816822,Jevetta Steele,1988,48,Calling You 
spotify:track:0GLxzrTu4dOZIFbdAaseTt,Calling You,60uus5jXLZ6fArMHuqpQoR,Jevetta Steele,1999,33,Jevetta Steele,35,4068,Jevetta Steele,1988,48,Calling You
spotify:track:3xo59EkqoLgxoh9Fr97pup,Where Do You Start,47m7N3kl8sg70TAlU7yq52,Michael Dees,2002,0,Michael Dees,4,105,Michael Feinstein,1988,25,Where Do You Start
spotify:track:398Bk2f9uCzJBl1UkAY4UN,Where Do You Start,2lolQgalUvZDfp5vvVtTYV,Tony Bennett,2004,15,Tony Bennett,78,703125,Michael Feinstein,1988,25,Where Do You Start
spotify:track:7bgHPaeMSS06rsx3dYG19E,Where Do You Start,19GI8I4UhSpBl8Y9XpKyT4,Sophie Milman,2009,27,Sophie Milman,49,62190,Michael Feinstein,1988,25,Where Do You Start
spotify:track:0gcjc7Vt5xtcfmJgf6g2IO,When You Say Nothing At All,3nlHsNqwCSvT988ZfSW1Yh,Ronan Keating,2000,77,Ronan Keating,69,798982,Keith Whitley,1988,61,When You Say Nothing At All
spotify:track:6HveTIMynTMzTc5L0TcS20,When You Say Nothing At All,0OTnx2X2FDXeewcm72lavT,Alison Krauss & Union Station,1995,64,Alison Krauss & Union Station,57,159070,Keith Whitley,1988,61,When You Say Nothing At All
spotify:track:7f8ghanV3NPAwbiSfI4aNU,Eternal Flame,6JMHws5haIO6V35YNYDnDw,Atomic Kitten,2004,39,Atomic Kitten,63,342478,The Bangles,1988,64,Eternal Flame
spotify:track:0CHNyeRhuFkG4pfVzgTrbY,Eternal Flame,72BTmmAO3QfETWlFjwjfJ1,Human Nature,1999,45,Human Nature,55,55629,The Bangles,1988,64,Eternal Flame
spotify:track:1FqfEO2RUWFfEF8qRtUlBG,Eternal Flame,1o5hA2Vlk452jCNl1XV5sj,Feather And Down,2013,2,Feather And Down,9,339,The Bangles,1988,64,Eternal Flame
spotify:track:68o7eSZOP2kT4Of3mgiWKw,Fast Car,6eU0jV2eEZ8XTM7EmlguK6,Black Pumas,2020,52,Black Pumas,65,607138,Tracy Chapman,1988,79,Fast Car
spotify:track:1YMVXl39bk37KZGuUhzRw6,Fast Car,0gadJ2b9A4SKsB1RFkBb66,Passenger,2017,52,Passenger,75,2896571,Tracy Chapman,1988,79,Fast Car
spotify:track:5j0CsCmOawMGWDHwZ148nI,Fast Car,4UodukR17NIQfNu5uaqm9B,Jamila Woods,2021,42,Jamila Woods,58,177094,Tracy Chapman,1988,79,Fast Car
spotify:track:4xoACt1xAMyWmruKG7a0D0,Fast Car,6pcxIOhQCNb7DX2iuEXgxL,Tobtok,2015,31,Tobtok,60,27730,Tracy Chapman,1988,79,Fast Car
spotify:track:77cdORPFxfffWDLyMQnjOP,Fast Car,6HgyYcL2o79g16VeIUdnne,UNWELL,2021,41,UNWELL,31,21313,Tracy Chapman,1988,79,Fast Car
spotify:track:5QuBsgbjQHpwfiV7aIwvQV,Get Here,1BMb6sQJVkmUyCuodmRs2g,Oleta Adams,1990,63,Oleta Adams,59,125459,Brenda Russell,1988,36,Get Here
spotify:track:6hPlYSx7wsnDE48NypYeuT,Get Here,2wY79sveU1sp5g7SokKOiI,Sam Smith,2018,59,Sam Smith,88,18441566,Brenda Russell,1988,36,Get Here
spotify:track:0Y66IIwhrq9lqJRdx8V7SX,Get Here,7ceUfdWq2t5nbatS6ollHh,Paul Anka,2007,15,Paul Anka,66,515090,Brenda Russell,1988,36,Get Here
spotify:track:6x46W4bo5CrKQJ2JNCeuSB,Get Here,16buKbboDFtQmldwXBInXf,Cheryl Bentyne,2014,22,Cheryl Bentyne,25,3752,Brenda Russell,1988,36,Get Here
spotify:track:1fCwJr4ICgKcJOVqnY1Dtb,"Don't Worry, Be Happy",2wCh75gIAQ5Ed9UGiqLBMB,The Busters,2007,37,The Busters,34,11743,Bobby McFerrin,1988,68,"Don't Worry, Be Happy"
spotify:track:3TvwJDgo0zZgXLhLmgr8bD,Don't Worry Be Happy,1e16kiJQtCTveTl7TQnkFN,Scary Pockets,2018,31,Scary Pockets,59,219927,Bobby McFerrin,1988,68,Don't Worry Be Happy
spotify:track:0za9SR9qKBUQJUF1uSPbjs,Don't Worry Be Happy,3Ek1EdkcbRFvSDJj9j5JXQ,The Baseballs,2021,39,The Baseballs,55,221581,Bobby McFerrin,1988,68,Don't Worry Be Happy
spotify:track:34b3PCTLUISY153eb2F72k,Everybody Knows,4TrraAsitQKl821DQY42cZ,Sigrid,2017,62,Sigrid,67,578946,Leonard Cohen,1988,58,Everybody Knows
spotify:track:1ryN1lUyInxWIqAp0VoqLz,Everybody Knows,2ICSjfBpos9PxMhGhX25N2,Concrete Blonde,1994,41,Concrete Blonde,51,93596,Leonard Cohen,1988,58,Everybody Knows
spotify:track:5KiSO3mlxkQja3Mpj2Njn6,Everybody Knows,2PfBzriIMRsCXPDtSy9vg8,Rufus Wainwright,2006,37,Rufus Wainwright,60,273543,Leonard Cohen,1988,58,Everybody Knows
spotify:track:66zkozN6vD5rfXNZp8o18e,One,4dONunOyZGJRqfU7Or3beC,The Ungrateful,2008,11,The Ungrateful,4,316,Metallica,1988,74,One
spotify:track:5g7RJ5y5N3fWiuZmu3vwTY,One,4Lm0pUvmisUHMdoky5ch2I,Apocalyptica,1998,42,Apocalyptica,63,833870,Metallica,1988,74,One
spotify:track:3AN5jOj17fp0Sr5lgCvPkE,Where Is My Mind?,2TUFDVa7aZJ4O9U0qjrSJH,Yoav,2011,44,Yoav,37,18609,Pixies,1988,79,Where Is My Mind?
spotify:track:5Sv4JGRxMEkSDJnOqsKU88,Where Is My Mind?,1XKlsdEQz5eLJvipwu5wqw,White Wives,2011,23,White Wives,12,1347,Pixies,1988,79,Where Is My Mind?
spotify:track:5XenUjG7cRnTkUe8AVuuMX,Wicked Game,74aLweE8FHHf4yN5TWv1GM,HIM,1997,60,HIM,62,531821,Chris Isaak,1989,76,Wicked Game
spotify:track:3V1H6liHwCDcWeqdPJabOM,Wicked Game,49qiE8dj4JuNdpYGRPdKbF,Stone Sour,2006,69,Stone Sour,69,2419840,Chris Isaak,1989,76,Wicked Game
spotify:track:7aVUPpEb9j2sSmgb4AdFWD,Wicked Game,5ZW7HlSuZz8ng2X21cXbdP,Widowspeak,2011,52,Widowspeak,50,74619,Chris Isaak,1989,76,Wicked Game
spotify:track:6V83Erju9rNevNhcU5uEPG,Personal Jesus,1hXjTjJzZTXDZ75AclOo6N,Sammy Hagar,2013,36,Sammy Hagar,58,690263,Depeche Mode,1989,57,Personal Jesus
spotify:track:6SyutgkQfLKfcsWvmh02k2,Personal Jesus,2VYQTNDsvvKN9wmU5W7xpj,Marilyn Manson,2004,61,Marilyn Manson,74,3555896,Depeche Mode,1989,57,Personal Jesus
spotify:track:5dcwiQFqn0mTcWewYIv7MV,Personal Jesus,6kACVPfCOnqzgfEF5ryl0x,Johnny Cash,2002,63,Johnny Cash,79,5076853,Depeche Mode,1989,57,Personal Jesus
spotify:track:1zdHApgQHEMDg1fbM1KNzt,Personal Jesus,4FtWG3AvqmOmGTeQxoqw8M,Lollipop Lust Kill,2002,15,Lollipop Lust Kill,13,1542,Depeche Mode,1989,57,Personal Jesus
spotify:track:3mLO4xJ9RRXPaW7chPgEBX,Have I Told You Lately,2y8Jo9CKhJvtfeKOsYzRdT,Rod Stewart,2021,43,Rod Stewart,79,3277980,Van Morrison,1989,69,Have I Told You Lately
spotify:track:0vbku2VnIsrhFIfyUvekaK,And So It Goes ,5lR7yDVN4z9kahOiUSlMhe,The King's Singers,2017,40,The King's Singers,60,55453,Billy Joel,1989,53,And So It Goes 
spotify:track:5m7z0m0uJX5SVKWLHuKyeA,And so It Goes,0eevp8Id5OSnEziAmUw53z,Solala,2017,24,Solala,31,5872,Billy Joel,1989,53,And so It Goes
spotify:track:740zUT4xJNGplSSQcsL2jv,Pet Sematary,0ZhtrY2Lt1s9klwm03lu8i,Starcrawler,2019,43,Starcrawler,38,55039,Ramones,1989,62,Pet Sematary
spotify:track:19QSFJlQcvSlt0kqxc7IFs,Pet Semetary,3hpFaqAv4vLZgxqGsPPsLk,Ski-King,2014,37,Ski-King,35,8360,Ramones,1989,62,Pet Semetary
spotify:track:7kZ1UYcpfT1nGhIqw4Tt4v,Pet Semetary,1pEB6VBgq18ZPpAIpPwdC3,October Rising,2009,2,October Rising,2,114,Ramones,1989,62,Pet Semetary
spotify:track:0PLGnOgmf8RPgZNkaaSYyM,Like a Prayer,7rDxVQk6CXMHnCXqeA9RG4,MadHouse,2002,48,MadHouse,36,2509,Madonna,1989,74,Like a Prayer
spotify:track:3LOyJiL3VqQkMlwFBLrARE,Like a Prayer,74eY8wbrhhVD7pACbBHwHw,Imany,2021,31,Imany,61,237882,Madonna,1989,74,Like a Prayer
spotify:track:2PPN1HFpVotjq7oJIqQbnx,Lovesong,4dpARuHxo51G3z768sgnrY,Adele,2011,64,Adele,96,32710984,The Cure,1989,50,Lovesong
spotify:track:4seT68ahatRnkpnlkADLWy,Lovesong,4D9z4fup1x9lkmrPTOWw8A,Snake River Conspiracy,2000,44,Snake River Conspiracy,34,20525,The Cure,1989,50,Lovesong
spotify:track:1z6wE2OeccyL1BX6ja8U31,Lovesong,0RQEMnWcCrVW4vkPFbAVsg,Lucy Daydream,2019,37,Lucy Daydream,40,6942,The Cure,1989,50,Lovesong
spotify:track:3JOVTQ5h8HGFnDdp4VT3MP,Mad World,5oRnbmgqvvq7fVlgk4vcEa,Gary Jules,2001,69,Gary Jules,56,72593,Tears For Fears,1983,67,Mad World